title,price,star_rating,availability,category
Scott Pilgrim's Precious Little Life (Scott Pilgrim #1),£52.29,Five,In stock,Sequential Art
Tsubasa: WoRLD CHRoNiCLE 2 (Tsubasa WoRLD CHRoNiCLE #2),£16.28,One,In stock,Sequential Art
This One Summer,£19.49,Four,In stock,Sequential Art
The Nameless City (The Nameless City #1),£38.16,Four,In stock,Sequential Art
"Saga, Volume 5 (Saga (Collected Editions) #5)",£51.04,Two,In stock,Sequential Art
"Rat Queens, Vol. 3: Demons (Rat Queens (Collected Editions) #11-15)",£50.40,Three,In stock,Sequential Art
"Princess Jellyfish 2-in-1 Omnibus, Vol. 01 (Princess Jellyfish 2-in-1 Omnibus #1)",£13.61,Five,In stock,Sequential Art
"Pop Gun War, Volume 1: Gift",£18.97,One,In stock,Sequential Art
Patience,£10.16,Three,In stock,Sequential Art
"Outcast, Vol. 1: A Darkness Surrounds Him (Outcast #1)",£15.44,Four,In stock,Sequential Art
orange: The Complete Collection 1 (orange: The Complete Collection #1),£48.41,One,In stock,Sequential Art
"Lumberjanes, Vol. 2: Friendship to the Max (Lumberjanes #5-8)",£46.91,Two,In stock,Sequential Art
"Lumberjanes, Vol. 1: Beware the Kitten Holy (Lumberjanes #1-4)",£45.61,Three,In stock,Sequential Art
Lumberjanes Vol. 3: A Terrible Plan (Lumberjanes #9-12),£19.92,Two,In stock,Sequential Art
"I Hate Fairyland, Vol. 1: Madly Ever After (I Hate Fairyland (Compilations) #1-5)",£29.17,Two,In stock,Sequential Art
I am a Hero Omnibus Volume 1,£54.63,Three,In stock,Sequential Art
"Giant Days, Vol. 2 (Giant Days #5-8)",£22.11,Two,In stock,Sequential Art
Danganronpa Volume 1,£51.99,Four,In stock,Sequential Art
"Codename Baboushka, Volume 1: The Conclave of Death",£36.72,Four,In stock,Sequential Art
Camp Midnight,£17.08,Four,In stock,Sequential Art
"Bitch Planet, Vol. 1: Extraordinary Machine (Bitch Planet (Collected Editions))",£37.92,Two,In stock,Sequential Art
The Shadow Hero (The Shadow Hero),£33.14,One,In stock,Sequential Art
"Fables, Vol. 1: Legends in Exile (Fables #1)",£41.62,Four,In stock,Sequential Art
Batman: The Long Halloween (Batman),£36.50,Two,In stock,Sequential Art
Batman: The Dark Knight Returns (Batman),£15.38,Five,In stock,Sequential Art
"Wonder Woman: Earth One, Volume One (Wonder Woman: Earth One #1)",£37.34,Four,In stock,Sequential Art
"We Are Robin, Vol. 1: The Vigilante Business (We Are Robin #1)",£53.90,One,In stock,Sequential Art
Through the Woods,£25.38,Two,In stock,Sequential Art
Superman Vol. 1: Before Truth (Superman by Gene Luen Yang #1),£11.89,Five,In stock,Sequential Art
"So Cute It Hurts!!, Vol. 6 (So Cute It Hurts!! #6)",£35.43,Four,In stock,Sequential Art
Robin War,£47.82,Three,In stock,Sequential Art
"Red Hood/Arsenal, Vol. 1: Open for Business (Red Hood/Arsenal #1)",£25.48,Two,In stock,Sequential Art
"Naruto (3-in-1 Edition), Vol. 14: Includes Vols. 40, 41 & 42 (Naruto: Omnibus #14)",£38.39,Two,In stock,Sequential Art
Lowriders to the Center of the Earth (Lowriders in Space #2),£51.51,Two,In stock,Sequential Art
El Deafo,£57.62,Five,In stock,Sequential Art
Batman: Europa,£32.01,Two,In stock,Sequential Art
Art Ops Vol. 1,£48.80,Three,In stock,Sequential Art
"Adulthood Is a Myth: A ""Sarah's Scribbles"" Collection",£10.90,Two,In stock,Sequential Art
"Fruits Basket, Vol. 9 (Fruits Basket #9)",£33.95,Four,In stock,Sequential Art
Roller Girl,£14.10,Five,In stock,Sequential Art
"Fruits Basket, Vol. 7 (Fruits Basket #7)",£19.57,One,In stock,Sequential Art
"Fruits Basket, Vol. 6 (Fruits Basket #6)",£20.96,Four,In stock,Sequential Art
"Death Note, Vol. 6: Give-and-Take (Death Note #6)",£36.39,Three,In stock,Sequential Art
"Fruits Basket, Vol. 5 (Fruits Basket #5)",£16.33,One,In stock,Sequential Art
"Death Note, Vol. 5: Whiteout (Death Note #5)",£52.41,One,In stock,Sequential Art
"The Demon Prince of Momochi House, Vol. 4 (The Demon Prince of Momochi House #4)",£27.88,Two,In stock,Sequential Art
"Fruits Basket, Vol. 4 (Fruits Basket #4)",£50.44,Four,In stock,Sequential Art
"The Wicked + The Divine, Vol. 3: Commercial Suicide (The Wicked + The Divine)",£14.41,Three,In stock,Sequential Art
"The Sandman, Vol. 3: Dream Country (The Sandman (volumes) #3)",£55.55,Five,In stock,Sequential Art
"Saga, Volume 3 (Saga (Collected Editions) #3)",£21.57,Five,In stock,Sequential Art
Prodigy: The Graphic Novel (Legend: The Graphic Novel #2),£43.63,Three,In stock,Sequential Art
Persepolis: The Story of a Childhood (Persepolis #1-2),£39.13,One,In stock,Sequential Art
Original Fake,£31.45,Three,In stock,Sequential Art
"Grayson, Vol 3: Nemesis (Grayson #3)",£42.72,One,In stock,Sequential Art
"Fruits Basket, Vol. 3 (Fruits Basket #3)",£45.17,Two,In stock,Sequential Art
"Black Butler, Vol. 1 (Black Butler #1)",£49.31,One,In stock,Sequential Art
Awkward,£38.02,Two,In stock,Sequential Art
"The Sandman, Vol. 2: The Doll's House (The Sandman (volumes) #2)",£54.81,One,In stock,Sequential Art
"Saga, Volume 2 (Saga (Collected Editions) #2)",£11.75,Three,In stock,Sequential Art
"Fruits Basket, Vol. 2 (Fruits Basket #2)",£11.64,Five,In stock,Sequential Art
"Y: The Last Man, Vol. 1: Unmanned (Y: The Last Man #1)",£18.51,Four,In stock,Sequential Art
"The Wicked + The Divine, Vol. 1: The Faust Act (The Wicked + The Divine)",£36.52,Two,In stock,Sequential Art
"The Sandman, Vol. 1: Preludes and Nocturnes (The Sandman (volumes) #1)",£54.12,Three,In stock,Sequential Art
The Complete Maus (Maus #1-2),£10.64,Three,In stock,Sequential Art
"Skip Beat!, Vol. 01 (Skip Beat! #1)",£42.12,Three,In stock,Sequential Art
"Saga, Volume 1 (Saga (Collected Editions) #1)",£28.48,One,In stock,Sequential Art
"Rat Queens, Vol. 1: Sass & Sorcery (Rat Queens (Collected Editions) #1-5)",£46.96,Five,In stock,Sequential Art
"Paper Girls, Vol. 1 (Paper Girls #1-5)",£21.71,Four,In stock,Sequential Art
"Ouran High School Host Club, Vol. 1 (Ouran High School Host Club #1)",£29.87,Three,In stock,Sequential Art
"Ms. Marvel, Vol. 1: No Normal (Ms. Marvel (2014-2015) #1)",£39.39,Four,In stock,Sequential Art
"Hawkeye, Vol. 1: My Life as a Weapon (Hawkeye #1)",£45.24,Three,In stock,Sequential Art
"Giant Days, Vol. 1 (Giant Days #1-4)",£56.76,Four,In stock,Sequential Art
"Fruits Basket, Vol. 1 (Fruits Basket #1)",£40.28,Five,In stock,Sequential Art
"Bleach, Vol. 1: Strawberry and the Soul Reapers (Bleach #1)",£34.65,Five,In stock,Sequential Art
"Ajin: Demi-Human, Volume 1 (Ajin: Demi-Human #1)",£57.06,Four,In stock,Sequential Art
Chase Me (Paris Nights #2),£25.27,Five,In stock,Romance
Black Dust,£34.53,Five,In stock,Romance
Her Backup Boyfriend (The Sorensen Family #1),£33.97,One,In stock,Romance
First and First (Five Boroughs #3),£15.97,Four,In stock,Romance
Fifty Shades Darker (Fifty Shades #2),£21.96,One,In stock,Romance
The Wedding Dress,£24.12,One,In stock,Romance
Suddenly in Love (Lake Haven #1),£55.99,Two,In stock,Romance
Something More Than This,£16.24,Four,In stock,Romance
Doing It Over (Most Likely To #1),£35.61,Three,In stock,Romance
The Wedding Pact (The O'Malleys #2),£32.61,Three,In stock,Romance
Hold Your Breath (Search and Rescue #1),£28.82,One,In stock,Romance
Dirty (Dive Bar #1),£40.83,Four,In stock,Romance
Take Me Home Tonight (Rock Star Romance #3),£53.98,Three,In stock,Romance
Off the Hook (Fishing for Trouble #1),£47.67,Three,In stock,Romance
A Gentleman's Position (Society of Gentlemen #3),£14.75,Five,In stock,Romance
"Sit, Stay, Love",£20.90,Three,In stock,Romance
A Girl's Guide to Moving On (New Beginnings #2),£31.30,One,In stock,Romance
The Perfect Play (Play by Play #1),£59.99,Three,In stock,Romance
Dark Lover (Black Dagger Brotherhood #1),£12.87,One,In stock,Romance
Changing the Game (Play by Play #2),£13.38,Three,In stock,Romance
A Walk to Remember,£56.43,One,In stock,Romance
The Purest Hook (Second Circle Tattoos #3),£12.25,One,In stock,Romance
The Obsession,£45.43,One,In stock,Romance
Reservations for Two,£11.10,Three,In stock,Romance
Best of My Love (Fool's Gold #20),£27.41,Two,In stock,Romance
Where Lightning Strikes (Bleeding Stars #3),£39.77,Three,In stock,Romance
This One Moment (Pushing Limits #1),£48.71,One,In stock,Romance
"Rhythm, Chord & Malykhin",£28.34,Two,In stock,Romance
My Perfect Mistake (Over the Top #1),£38.92,Two,In stock,Romance
Listen to Me (Fusion #1),£58.99,Three,In stock,Romance
Imperfect Harmony,£34.74,Four,In stock,Romance
Fighting Fate (Fighting #6),£39.24,Three,In stock,Romance
Deep Under (Walker Security #1),£47.09,Five,In stock,Romance
Charity's Cross (Charles Towne Belles #4),£41.24,One,In stock,Romance
Bounty (Colorado Mountain #7),£37.26,Four,In stock,Romance
Worlds Elsewhere: Journeys Around Shakespeare’s Globe,£40.30,Five,In stock,Nonfiction
The Five Love Languages: How to Express Heartfelt Commitment to Your Mate,£31.05,Three,In stock,Nonfiction
Reasons to Stay Alive,£26.41,Two,In stock,Nonfiction
#HigherSelfie: Wake Up Your Life. Free Your Soul. Find Your Tribe.,£23.11,Five,In stock,Nonfiction
"Unseen City: The Majesty of Pigeons, the Discreet Charm of Snails & Other Wonders of the Urban Wilderness",£44.18,Four,In stock,Nonfiction
Throwing Rocks at the Google Bus: How Growth Became the Enemy of Prosperity,£31.12,Three,In stock,Nonfiction
The Life-Changing Magic of Tidying Up: The Japanese Art of Decluttering and Organizing,£16.77,Three,In stock,Nonfiction
The Gutsy Girl: Escapades for Your Life of Epic Adventure,£37.13,One,In stock,Nonfiction
The Electric Pencil: Drawings from Inside State Hospital No. 3,£56.06,One,In stock,Nonfiction
Spark Joy: An Illustrated Master Class on the Art of Organizing and Tidying Up,£41.83,Four,In stock,Nonfiction
Reskilling America: Learning to Labor in the Twenty-First Century,£19.83,Two,In stock,Nonfiction
In the Country We Love: My Family Divided,£22.00,Four,In stock,Nonfiction
Everydata: The Misinformation Hidden in the Little Data You Consume Every Day,£54.35,Two,In stock,Nonfiction
Call the Nurse: True Stories of a Country Nurse on a Scottish Isle,£29.14,Five,In stock,Nonfiction
Algorithms to Live By: The Computer Science of Human Decisions,£30.81,One,In stock,Nonfiction
The Power of Now: A Guide to Spiritual Enlightenment,£43.54,Two,In stock,Nonfiction
The Omnivore's Dilemma: A Natural History of Four Meals,£38.21,Two,In stock,Nonfiction
The Genius of Birds,£17.24,One,In stock,Nonfiction
The Artist's Way: A Spiritual Path to Higher Creativity,£38.49,Five,In stock,Nonfiction
So You've Been Publicly Shamed,£12.23,Two,In stock,Nonfiction
"Daring Greatly: How the Courage to Be Vulnerable Transforms the Way We Live, Love, Parent, and Lead",£19.43,Three,In stock,Nonfiction
Big Magic: Creative Living Beyond Fear,£30.80,Three,In stock,Nonfiction
Becoming Wise: An Inquiry into the Mystery and Art of Living,£27.43,Two,In stock,Nonfiction
Agnostic: A Spirited Manifesto,£12.51,Five,In stock,Nonfiction
Whole Lotta Creativity Going On: 60 Fun and Unusual Exercises to Awaken and Strengthen Your Creativity,£38.20,Four,In stock,Nonfiction
What's It Like in Space?: Stories from Astronauts Who've Been There,£19.60,Two,In stock,Nonfiction
The Year of Magical Thinking,£43.04,Two,In stock,Nonfiction
The Literature Book (Big Ideas Simply Explained),£17.43,Three,In stock,Nonfiction
The Bad-Ass Librarians of Timbuktu: And Their Race to Save the World’s Most Precious Manuscripts,£15.77,One,In stock,Nonfiction
Swell: A Year of Waves,£45.58,One,In stock,Nonfiction
No Dream Is Too High: Life Lessons From a Man Who Walked on the Moon,£21.95,Two,In stock,Nonfiction
Looking for Lovely: Collecting the Moments that Matter,£29.14,Five,In stock,Nonfiction
Let It Out: A Journey Through Journaling,£26.79,Five,In stock,Nonfiction
Hamilton: The Revolution,£58.79,Three,In stock,Nonfiction
"Far & Away: Places on the Brink of Change: Seven Continents, Twenty-Five Years",£15.06,Four,In stock,Nonfiction
"Eaternity: More than 150 Deliciously Easy Vegan Recipes for a Long, Healthy, Satisfied, Joyful Life",£51.75,Five,In stock,Nonfiction
Buying In: The Secret Dialogue Between What We Buy and Who We Are,£37.80,Four,In stock,Nonfiction
Brain on Fire: My Month of Madness,£49.32,Five,In stock,Nonfiction
Abstract City,£56.37,Five,In stock,Nonfiction
13 Hours: The Inside Account of What Really Happened In Benghazi,£27.06,One,In stock,Nonfiction
The Lonely City: Adventures in the Art of Being Alone,£33.26,Two,In stock,Nonfiction
The Diary of a Young Girl,£59.90,Three,In stock,Nonfiction
Snatched: How A Drug Queen Went Undercover for the DEA and Was Kidnapped By Colombian Guerillas,£21.21,Three,In stock,Nonfiction
Furiously Happy: A Funny Book About Horrible Things,£41.46,Four,In stock,Nonfiction
"The Sleep Revolution: Transforming Your Life, One Night at a Time",£11.68,Four,In stock,Nonfiction
"Mother, Can You Not?",£16.89,Five,In stock,Nonfiction
A Mother's Reckoning: Living in the Aftermath of Tragedy,£19.53,Three,In stock,Nonfiction
"10% Happier: How I Tamed the Voice in My Head, Reduced Stress Without Losing My Edge, and Found Self-Help That Actually Works",£24.57,Two,In stock,Nonfiction
Chernobyl 01:23:40: The Incredible True Story of the World's Worst Nuclear Disaster,£35.92,Two,In stock,Nonfiction
"Zero to One: Notes on Startups, or How to Build the Future",£34.06,Three,In stock,Nonfiction
Why Not Me?,£17.76,One,In stock,Nonfiction
When Breath Becomes Air,£39.36,Two,In stock,Nonfiction
"The Midnight Assassin: Panic, Scandal, and the Hunt for America's First Serial Killer",£28.45,Four,In stock,Nonfiction
Smarter Faster Better: The Secrets of Being Productive in Life and Business,£38.89,Five,In stock,Nonfiction
Rising Strong,£21.82,Three,In stock,Nonfiction
Man's Search for Meaning,£29.48,Three,In stock,Nonfiction
"Love That Boy: What Two Presidents, Eight Road Trips, and My Son Taught Me About a Parent's Expectations",£25.06,Two,In stock,Nonfiction
Living Forward: A Proven Plan to Stop Drifting and Get the Life You Want,£12.55,Three,In stock,Nonfiction
I Will Find You,£44.21,One,In stock,Nonfiction
Brazen: The Courage to Find the You That's Been Hiding,£19.22,Two,In stock,Nonfiction
Between the World and Me,£56.91,Four,In stock,Nonfiction
Being Mortal: Medicine and What Matters in the End,£55.06,Four,In stock,Nonfiction
"A Murder Over a Girl: Justice, Gender, Junior High",£13.20,Three,In stock,Nonfiction
For the Love: Fighting for Grace in a World of Impossible Standards,£45.13,Three,In stock,Nonfiction
Finding God in the Ruins: How God Redeems Pain,£46.64,Two,In stock,Nonfiction
The Man Who Mistook His Wife for a Hat and Other Clinical Tales,£59.45,Four,In stock,Nonfiction
In Cold Blood,£49.98,Four,In stock,Nonfiction
"Girl, Interrupted",£42.14,Three,In stock,Nonfiction
Why Save the Bankers?: And Other Essays on Our Economic and Political Crisis,£48.67,Two,In stock,Nonfiction
Talking to Girls About Duran Duran: One Young Man's Quest for True Love and a Cooler Haircut,£25.15,Four,In stock,Nonfiction
My Mother Was Nuts,£31.63,Four,In stock,Nonfiction
"Data, A Love Story: How I Gamed Online Dating to Meet My Match",£32.35,Three,In stock,Nonfiction
The Jazz of Physics: The Secret Link Between Music and the Structure of the Universe,£38.71,Three,In stock,Nonfiction
The Gunning of America: Business and the Making of American Gun Culture,£16.81,Four,In stock,Nonfiction
The Geography of Bliss: One Grump's Search for the Happiest Places in the World,£28.23,Two,In stock,Nonfiction
God Is Not Great: How Religion Poisons Everything,£27.80,One,In stock,Nonfiction
We the People: The Modern-Day Figures Who Have Reshaped and Affirmed the Founding Fathers' Vision of America,£31.95,Three,In stock,Nonfiction
Very Good Lives: The Fringe Benefits of Failure and the Importance of Imagination,£50.66,Three,In stock,Nonfiction
"Unstuffed: Decluttering Your Home, Mind, and Soul",£58.09,One,In stock,Nonfiction
Under the Banner of Heaven: A Story of Violent Faith,£30.00,One,In stock,Nonfiction
"Trespassing Across America: One Man's Epic, Never-Done-Before (and Sort of Illegal) Hike Across the Heartland",£53.51,One,In stock,Nonfiction
The Name of God is Mercy,£37.25,Two,In stock,Nonfiction
Stiff: The Curious Lives of Human Cadavers,£36.74,Three,In stock,Nonfiction
Spilled Milk: Based on a True Story,£49.51,One,In stock,Nonfiction
"Rise of the Rocket Girls: The Women Who Propelled Us, from Missiles to the Moon to Mars",£41.67,Four,In stock,Nonfiction
Outliers: The Story of Success,£14.16,One,In stock,Nonfiction
Notes from a Small Island (Notes From a Small Island #1),£40.17,One,In stock,Nonfiction
Night (The Night Trilogy #1),£13.51,One,In stock,Nonfiction
"Miracles from Heaven: A Little Girl, Her Journey to Heaven, and Her Amazing Story of Healing",£57.83,One,In stock,Nonfiction
Letter to a Christian Nation,£22.20,One,In stock,Nonfiction
Let's Pretend This Never Happened: A Mostly True Memoir,£45.11,One,In stock,Nonfiction
It's Never Too Late to Begin Again: Discovering Creativity and Meaning at Midlife and Beyond,£42.38,One,In stock,Nonfiction
Into the Wild,£56.70,Five,In stock,Nonfiction
"In the Garden of Beasts: Love, Terror, and an American Family in Hitler's Berlin",£28.85,Three,In stock,Nonfiction
I Am Malala: The Girl Who Stood Up for Education and Was Shot by the Taliban,£28.88,Two,In stock,Nonfiction
Gratitude,£26.66,Five,In stock,Nonfiction
Disrupted: My Misadventure in the Start-Up Bubble,£15.28,Five,In stock,Nonfiction
Brave Enough,£51.32,Five,In stock,Nonfiction
"Born to Run: A Hidden Tribe, Superathletes, and the Greatest Race the World Has Never Seen",£27.35,Two,In stock,Nonfiction
Blink: The Power of Thinking Without Thinking,£21.74,Five,In stock,Nonfiction
Black Flags: The Rise of ISIS,£40.87,One,In stock,Nonfiction
Are We Smart Enough to Know How Smart Animals Are?,£56.58,One,In stock,Nonfiction
A Walk in the Woods: Rediscovering America on the Appalachian Trail,£30.48,Four,In stock,Nonfiction
"The Suffragettes (Little Black Classics, #96)",£11.89,Two,In stock,Nonfiction
Kindle Paperwhite User's Guide,£34.00,Three,In stock,Nonfiction
H is for Hawk,£57.42,Five,In stock,Nonfiction
Travels with Charley: In Search of America,£57.82,Five,In stock,Nonfiction
The Tumor,£41.56,Five,In stock,Nonfiction
The End of the Jesus Era (An Investigation #1),£14.40,One,In stock,Nonfiction
"Eat, Pray, Love",£51.32,Three,In stock,Nonfiction
